page_id	expected_page_evidence_sha256	outcome	notes
1922-2-fraser/rmbd_192207_07_pennsylvania.pdf#page=7	d3d7e9c54536d7ef6518ae8c12205e788dc55466b4b36f079320930223e84042	confirmed_problem	Cache has 5 banks and stops at Bellefonte Trust; scan continues with First National Bank and many later entries. Visible 125,000 capital for Bellefonte Trust is also null in cache.
1924-2-fraser/rmbd_192407_06_nebraska.pdf#page=15	fc2a872b7de0f985cba7b68efb490996d3eaf8ef334d70cda71be8ebe2e0f112	confirmed_problem	Cache has 6 banks through Dorchester; scan continues with Douglas and many subsequent towns.
1914-2-google.pdf#page=820	47ae2d383ab218bc4d722b9376a86db3401faf46381d1b2bad24179c510d1f9a	confirmed_problem	Cache has 4 banks through Clarkson; scan continues with Clatonia, Clay Center, and many later entries.
1913-2-google.pdf#page=345	76cf00d16dded2cd66580d3ed7bd4adde622aa1f341a8360c02515113234099e	confirmed_problem	Cache contains only 3 Columbus banks; rotated scan visibly continues through Connersville to Crown Point with many bank rows.
1917-1-hathi.pdf#page=781	489795625d8bdf8d3676616a29e64fed2eb545c80d46e71095b4a8b94ef7a1dc	confirmed_problem	Cache has 4 banks through Avalon; scan continues with Bagwell, Bakersfield, and many later entries.
1926-2-fraser/rmbd_192607_05_michigan.pdf#page=289	1d64753913a7ee08c51bb62a8e4d9d5f12dbfecf557a36d0230a071abd7770a4	confirmed_problem	Cache has 7 banks through Swedeburg; scan continues with Sweetwater, Syracuse, and many later entries.
1917-1-hathi.pdf#page=1077	57996490bdbce5dd01c85d21e91997dc376fb4bb3f02e2a1cc3c69d0dd7838c5	confirmed_problem	Cache has 4 banks through Carpio; scan continues with Carson, Carthage, and many later entries.
1916-1-google.pdf#page=684	53527aad86fb0b550b338c7ed66c0153cf9b96fd54e33759ea87d3f3c7379349	confirmed_problem	V1 extracted raster is badly corrupted; clear hash-matched PDF render shows many records after Motley, while cache stops at 5 banks.
1918-1-fraser/rmbd_191801_07_ohio.pdf#page=132	8bb99ff6f364017597802dd4cda5092a085acf6c95ff3e7607e6ce38b03613cb	confirmed_problem	Cache contains only 5 Hazleton banks; scan continues with Hegins and many later towns.
1913-2-google.pdf#page=255	d4a31b1085a939596799b94de77c138fa324d97ce3baa6b786b896ef67d96e57	confirmed_problem	Cache contains only 3 Aledo banks; rotated scan continues with Alexander, Alexis, and many later entries.
1917-1-hathi.pdf#page=737	a03faf5fedbf86ef83017228ded5c72bfdb870a1549e60d64c5035f2b3a1f3f2	confirmed_problem	Cache has 4 banks through Pelican Rapids First National; scan shows another Pelican Rapids bank and many subsequent entries.
1930-1-fraser/rmbd_193001_03_illinois.pdf#page=258	57048851708d2d3c91c60cf801472a86be94ef7541fa494d87f32253df16b2d6	confirmed_problem	Cache has 4 banks through Libertyville; scan continues with Lime Springs and many later entries.
1911-1-google.pdf#page=516	1538b376c00d3ef1f0076cda415d444f6ffbe4deae342e537df8c09e5c8851f7	confirmed_problem	Cache has 7 Newton and North Adams banks; rotated scan continues with North Attleboro and many later entries.
1919-2-fraser/rmbd_191907_05_michigan.pdf#page=121	3476d795eccef5327c4b9f8ac72636e341970512df2946652e1a4c425f0bf7e5	confirmed_problem	Cache has 3 banks through Utica; scan continues with Verdi, Vergas, and many later entries.
1925-1-fraser/rmbd_192501_04_kansas.pdf#page=33	30a2fa00f6689236c2f1c9823cf7d28b2ff54b740cbc81171af66c1d00a938c5	confirmed_problem	Cache has 4 banks through Farmers and Merchants State Bank of Macksville; scan shows Macksville State Bank and many later entries.
1927-1-fraser/rmbd_192701_06_newyork.pdf#page=141	5e755d1237061cd0c8b000ee4632a15dd1bae7dbf1ba7fe546aa0321ca2236e2	confirmed_problem	Cache has 4 banks; scan visibly includes omitted Cleveland and Wadesboro First National entries plus many later rows.
1917-1-hathi.pdf#page=115	bb2d3ca45f6545e693f13676f7de7966fd45c2c4968ff69b8682d58e7e1d0ae6	confirmed_problem	Cache has 4 banks through Hollywood Citizens Savings; scan continues with several Hollywood banks and many later entries.
1919-1-fraser/rmbd_191901_08_texas.pdf#page=205	95b38828ced171b484da847f519b41db3a6022d7116628bc9319ae3fd3ff90a9	confirmed_problem	Cache has 4 banks through Pardeeville; scan continues with Park Falls and many later entries.
1930-2-fraser/rmbd_193007_04_kansas.pdf#page=193	6ad2575c74b49af2d4488e1d84ea31a1180c60f6345c9eb4b324f6193befbeec	confirmed_problem	Cache has 5 banks through Climax; scan continues with Clinton, Clio, and many later entries.
1924-1-fraser/rmbd_192401_05_minnesota.pdf#page=85	1f83b8d73670b37ec3061d62ea4e118abdcdff02ae2142567f758573bd6cfc3c	confirmed_problem	Cache has 3 banks through Vesta; scan continues with Victoria through Waconia.
1924-2-fraser/rmbd_192407_04_iowa.pdf#page=112	43f9bbc3cd0c0c45e8f0796f2890f4b0e8f377943603e822dc7a624d69170131	confirmed_problem	Cache has 6 banks through Hunnewell; scan continues with Hunter, Huron, Hutchinson, and many later entries.
1922-1-fraser/rmbd_192201_08_texas.pdf#page=207	bb76d011947b61d019a1658c182e3d4837c7fc182c769bdaa952c57326f5f260	confirmed_problem	Cache has 5 banks through Dorchester; scan continues with Dousman and many entries through Eau Claire.
1926-2-fraser/rmbd_192607_04_iowa.pdf#page=72	ae751352ddd7c2ddd30e0f10c468864cc8429203238f46ef2ddf2e00d80d920b	confirmed_problem	Cache has 5 banks through Sunbury; scan continues with Superior and many later entries.
1924-1-fraser/rmbd_192401_08_texas.pdf#page=68	a4b1cebd6709f579cc65196dbd66988929f2210b2216e525adc7e19515e84112	confirmed_problem	Cache contains only 4 Palestine banks; scan continues with Palmer, Palo Pinto, Pampa, and many later entries.
1922-1-fraser/rmbd_192201_05_minnesota.pdf#page=105	b26fd462b9aa8c1f5f5be4c0e63ebf132086c7f8c7c2336e8be744a09ca5d565	confirmed_problem	Cache has 5 banks through Osyka; scan continues with Oxford and many later entries.
1920-1-fraser/rmbd_192001_04_kansas.pdf#page=50	c523394a5bfe5dd126ce6809067bf618533674d55c2623c93fb287e3ba98afd9	confirmed_problem	Scan continues after 7 cached rows; Kansas Reserve State Bank through Topeka State Bank are omitted. Guaranty State Bank capital is visibly 50,000 but cached blank.
1935-1-fraser/rmbd_1935first_06_newmexico.pdf#page=308	09716f3edfd874c0f0e53e8e7a0f85effb0a42fef85214817658f8f2431be08a	confirmed_problem	Scan contains numerous Scranton institutions after the 4 cached rows; Pennsylvania Trust Co. through West Side Bank are omitted.
1909-2-google.pdf#page=247	853ef5d51aef42b6814808f859638e82ce746d519a55ab0ecd89da086267856f	confirmed_problem	Dense Indiana page; cache contains only Francesville, Francisco, and the first Frankfort bank, omitting the remainder.
1914-2-google.pdf#page=755	367f1f7071e23670c06e7b883e71af7cd2c9e3696eada5c9df21a38dc8048abc	confirmed_problem	Dense Missouri page; cache contains only the first Lancaster bank and omits the remaining entries through Lesterville.
1915-1-google.pdf#page=416	4a2289b0c7e4c689655d9b0160bbeede847e42247a83d78ca975bd1f69bbac30	confirmed_problem	Dense Iowa page; cache contains only 2 Cherokee rows and omits the remaining entries through Cleghorn.
1919-1-fraser/rmbd_191901_08_texas.pdf#page=18	e75ded1c6d3910fff9b2a0f69930fa59270c1e6d8f839bb8c88f26c2e12443b6	confirmed_problem	Dense Texas page; cache contains only Como and two Conroe rows, omitting Cookville through Cranfills Gap.
1918-1-fraser/rmbd_191801_05_massachusetts.pdf#page=104	dc7bff9025c13595eb1f9ad28ccff284a7c7783c197e13557032d66fc1eeca95	confirmed_problem	Dense Minnesota page; cache stops after 4 Little Falls banks and omits Littlefork through Mabel.
1923-1-fraser/rmbd_192301_08_virginia.pdf#page=130	60c83ebb0ef0b5a59fad88c0a9f58f26011636e4c30bc8085bdcdf04f034ed6b	confirmed_problem	Dense Wisconsin page; cache stops after Pardeeville and omits Park Falls through Portage.
1938-2-fraser/rmbd_1938final_04_kansas.pdf#page=30	27d0094ae57f0943c7b79ffbb3867b5181386779004ca35cbd2c7dc24a68a0f1	confirmed_problem	Dense Kansas page; cache contains only 2 Pleasanton banks and omits Plevna through Reading.
1917-2-fraser/rmbd_191707_04_indiana.pdf#page=154	d077e3eb5faef924b179eb6300d575a95a974e3c8918f974d9436b17d364e711	confirmed_problem	Dense Kansas page; cache stops after 4 Furley/Galatia/Galena rows and omits Galesburg through Girard.
1938-2-fraser/rmbd_1938final_04_kansas.pdf#page=28	7fa943776afce355a225e417ea0c0db60a8ed66bb0536692b8593f293196c4f5	confirmed_problem	Dense Kansas page; cache contains only Olmitz and Olpe and omits Olsburg through Palco.
1924-2-fraser/rmbd_192407_08_southdakota.pdf#page=37	704765025dd5b9c8d50236128cc9a85797d8cdb6c208b2138c18854735e7f340	confirmed_problem	Dense Tennessee page; cache contains only 3 Columbia banks, omitting two further Columbia banks and Como through Dandridge.
1938-2-fraser/rmbd_1938final_05_minnesota.pdf#page=21	de1b2d0e259f93ddbb72f62a0f12d75b7f5002f7fc50bec2cd0ce6ed2e478435	confirmed_problem	Dense Minnesota page; cache contains only Le Roy First National Bank and omits Le Roy First State Bank through Lucan.
1938-2-fraser/rmbd_1938final_05_minnesota.pdf#page=16	5bbc941215d7b73379cc2812919df918645118338f11dc2d18907eaa25f08550	confirmed_problem	Dense Minnesota page; cache contains only Gilman and one Glencoe bank, omitting Glencoe Security State Bank through Hamburg.
1920-2-fraser/rmbd_192007_06_newyork.pdf#page=216	bdadc299d0cdf54e6be3b47fa7df87ab889590fa7b14635fe1b0a3ffa7757b1b	confirmed_problem	Main Ohio page is readable despite the photographed page stack; cache stops after 5 rows and omits the remaining Willshire entry through Yorkville.
1938-2-fraser/rmbd_1938final_03_hawaii.pdf#page=54	82dcd950e1bc3ba0ac487b00e281f641f47c8e3bfb59c91451f40931d1607583	confirmed_problem	Dense Illinois page; cache contains only Hutsonville and Illiopolis and omits Ina through Jonesboro.
1938-2-fraser/rmbd_1938final_05_minnesota.pdf#page=19	7baee625dd02af1b92cada6a6f0ce70372739760635f72cb58799c08e3970faa	confirmed_problem	Dense Minnesota page; cache contains only Isanti, Isle, and Ivanhoe and omits Jackson through Kiester.
1936-1-fraser/rmbd_1936first_04_louisiana.pdf#page=260	ac8e3752478eb29819a829c8267e363217db0f002357c9b9712bde1930b50d3f	confirmed_problem	Dense New Jersey page; cache contains only First Camden National Bank & Trust Co. and omits the other Camden banks plus Cape May through Clinton.
1938-2-fraser/rmbd_1938final_05_minnesota.pdf#page=31	06405bec6bf602fb80fda2a5cc643c304c90a06a527205675e121f3f939f85d1	confirmed_problem	Dense Minnesota page; cache contains only 2 Redwood Falls banks and omits Remer through Rothsay.
1938-2-fraser/rmbd_1938final_03_hawaii.pdf#page=122	461470ddc92f91517986cbafd825919ef6fb1717ac1cb4919180dbd25be7d7f3	confirmed_problem	Dense Iowa page; cache contains only 2 Avoca banks and omits Ayrshire through Farmington.
1938-2-fraser/rmbd_1938final_05_minnesota.pdf#page=81	79a94507f533aca492ca9d1321a5e0a91d4ca5cfe1c5be817c9a646372710174	confirmed_problem	Dense Missouri page; cache stops after 5 Liberty-to-Lincoln rows and omits Linn through Manchester.
1938-2-fraser/rmbd_1938final_04_kansas.pdf#page=21	31dff88d69792d8d09f1daf6474b84f58ded0141dbe680ce823de96cc1c60c24	confirmed_problem	Dense Kansas page; cache contains only Kelly, Kensington, and Kincaid and omits Kingman through Larned.
1938-2-fraser/rmbd_1938final_03_hawaii.pdf#page=86	bb4efdc4f6745e7cead72e9169de7e104f20814383e1959a4f77396a72f3f0af	confirmed_problem	Dense Indiana page; cache contains only Campbellsburg, Cannelton, and Carbon and omits Carthage through Columbia City.
1938-2-fraser/rmbd_1938final_03_hawaii.pdf#page=127	95d6e8e891bc0e97043c55e22f717b96b4d30673d73a0a379e3e20d5192297c2	confirmed_problem	Dense Iowa page; cache contains only 2 Clarinda banks and omits Clarion through Columbia.
1921-1-fraser/rmbd_192101_03_idaho.pdf#page=32	0f3698f1c395decf27caa46f0536b1a7beca6718adf9444cf97ea54e344176cb	confirmed_problem	Main Illinois page is readable despite the photographed page stack; cache contains only the 3 Casey banks and omits Catlin through University State Bank.
1915-1-google.pdf#page=653	e36fd1b69d5ba3b8c6a513210ae5fe1ac2a2f70521b51a966599b02f1f563018	confirmed_problem	Legacy cleanup identifies this page as cropped and incomplete; the reviewed scan confirms lost page content.
1901-1-hathi.pdf#page=674	ff3e77d466238d26a38b2f894c6a3f537fd3289d14b3462c3ab432c58f25df7c	confirmed_problem	The legacy correction workbook flags both cached banks with null state and town; the reviewed scan is severely clipped, confirming a page-level source/extraction defect.
1923-1-fraser/rmbd_192301_05_maryland.pdf#page=208	f125e22fb47b94a8276d53e986dcb6367f74e05c88daba96194c56a85105a2e8	confirmed_problem	The legacy error note and cached row 15 show a repeated-city correspondent parse failure; the scan is a legible directory table.
1935-1-fraser/rmbd_1935first_08_americansamoa.pdf#page=41	96eff833c6aedc9ed2566048deb75d0599781ef3d9f3e1572c074d1414c8cfc8	not_problem	Known negative: this entire PDF part is foreign/non-target material scanned by mistake; no domestic-bank OCR rerun is warranted.
1900-1-hathi.pdf#page=419	35778aae432df5809c4a571b2a96056947e0681a25590985db73d922a5834ba0	confirmed_problem	Legacy cleanup explicitly names this New York table page for OCR rerun.
1905-2-google.pdf#page=556	8b207b4bb088783c07b9093ba9026e883e5b0ba93898badeeef72a37898ab31c	confirmed_problem	The correction workbook flags both Auburn rows; the cache preserves town but loses state, confirming identity-field loss.
1924-1-fraser/rmbd_192401_05_minnesota.pdf#page=75	b6465c268e6dfc6eb31965d6d8827fa35c9ee479fa5e0e57cce67d124fdd7050	confirmed_problem	The legacy error note and cached row 13 turn Minneapolis, St. Paul, and St. Cloud into a combined correspondent name instead of locations.
1936-1-fraser/rmbd_1936first_08_foreignbanks.pdf#page=202	c8fbfc6f59145fcd85736e3c863ffa3361ddb6c0df902d1c7511d92ddf6ae862	not_problem	Known negative: this entire PDF part is foreign/non-target material scanned by mistake; no domestic-bank OCR rerun is warranted.
1894-1-hathi.pdf#page=550	dfa9023968c78c1ee626b48af6ccbafbea7d39c698210a8cfe8835734535eb55	confirmed_problem	Legacy cleanup calls this page empty and bugged; the cache has only three Yankton rows and loses their state.
1898-2-google.pdf#page=407	426435b816504ac6bc7199f0dec822ccc9370e589236ce4ebd3d7e1edd5c3941	confirmed_problem	The cache emits the section heading 'SOUTH CAROLINA - Continued' as a bank with no town; this is a visible false record.
1924-1-fraser/rmbd_192401_02_alabama.pdf#page=1	48c10dc4ec38ca7d86247d41eac30ccc6c652eac3d58e54109f7f830252e49c7	confirmed_problem	The legacy error note and cached row 4 combine two Nashville correspondents into one bank name.
1935-1-fraser/rmbd_1935first_08_americansamoa.pdf#page=5	31ba88a2f88e5066e184078e2750545b20527d2e95a82c55f67aa01735a5ec52	not_problem	Known negative: this entire PDF part is foreign/non-target material scanned by mistake; no domestic-bank OCR rerun is warranted.
1900-1-hathi.pdf#page=418	50d9b8b2b83fb0359492bd0b30fef5f6cc9ace1c3dae591444a5de33c88d78ab	confirmed_problem	Legacy cleanup explicitly names this New York table page for OCR rerun; the three-row cache is consistent with the documented collapse.
1898-2-google.pdf#page=47	8b9f3c19920b281117440df7e2c8eaea3fae839d9db0dc38ece8423152cf5341	confirmed_problem	The correction workbook flags all three cached banks with null state and town; the reviewed source scan is severely clipped.
1924-1-fraser/rmbd_192401_02_alabama.pdf#page=177	67921aae03116d58d09d9764d96a18afd5e752c6ac32af3d73e8abca9ba3f000	confirmed_problem	The legacy error note identifies combined same-city bank names on cached rows 18-19; the scan is a legible directory table.
1936-1-fraser/rmbd_1936first_07_americansamoa.pdf#page=51	a0ab409a9c1d390559f9939d43be4c97c92f6a00eee207b0934865cca2a06713	not_problem	Known negative: this entire PDF part is foreign/non-target material scanned by mistake; no domestic-bank OCR rerun is warranted.
1900-1-hathi.pdf#page=417	98676bcf20af008d74f258f857e6b52552cb047a4eda97f4d0e01c5cf8ca95ae	confirmed_problem	Legacy cleanup explicitly names this New York table page for OCR rerun.
1911-1-google.pdf#page=287	631b5b028f83044329dce39b2964ff63fb65186d14721bf599e2040996a97820	confirmed_problem	The correction workbook flags 33 rows; the cache loses state while the reviewed scan clearly identifies an Illinois continued page.
1924-1-fraser/rmbd_192401_03_hawaii.pdf#page=228	342e4bcea1bb0b4167c5d3ffdae01bdd4b8bc21e61446da2c474777a0bbedcfc	confirmed_problem	The legacy error note and cached row 2 misparse Chicago and Joliet as a correspondent bank name.
1936-1-fraser/rmbd_1936first_08_foreignbanks.pdf#page=36	c7c5b07737475b5d9fccaa1049cceac712ef73503f5333e5cb3bd67eed8b7f54	not_problem	Known negative: this entire PDF part is foreign/non-target material scanned by mistake; no domestic-bank OCR rerun is warranted.
1900-1-hathi.pdf#page=420	bfa83909f2ec90eb918181e9da88ae5b074ba2e057fc7cf9302a2e94e2e98ce0	confirmed_problem	Legacy cleanup explicitly names this New York table page for OCR rerun.
1938-1-fraser/rmbd_1938first_04_kansas.pdf#page=147	7ee75d9dd42060ac1a761398588009f1034fbe387766feb1a5b17e0eaf4922e2	confirmed_problem	The cache records Detroit but no state; the reviewed scan identifies Detroit, confirming location-field loss.
1936-1-fraser/rmbd_1936first_08_foreignbanks.pdf#page=47	871625d20e2ed41dd07dd3293a651ca4544bcfdbffaddb938d2c70541584f0e8	not_problem	Known negative: this entire PDF part is foreign/non-target material scanned by mistake; no domestic-bank OCR rerun is warranted.
1907-1-fraser/rmbd_190701_06_newyork.pdf#page=37	529e62942940376bbcc1a9f88e502551422a84f5bf45f3c683b16009a048c5c7	confirmed_problem	The recovered V1 main-bank cache is an explicit provider error marker, not a successful empty extraction.
1911-1-google.pdf#page=852	77e1fcdb1a4032e7e69244d40de2b23c6f30b8f06d2a3f5e8a5239155bf6525e	confirmed_problem	The reviewed Hatcher Brothers ad visibly says Grand Forks and Fargo, North Dakota, while the cache leaves town null.
1936-1-fraser/rmbd_1936first_08_foreignbanks.pdf#page=10	98522735571d2490e7296e13c96b40082f8d7970302e76c78b0543cf8acf30da	not_problem	Known negative: this entire PDF part is foreign/non-target material scanned by mistake; no domestic-bank OCR rerun is warranted.
1900-1-hathi.pdf#page=416	ba3602424954b95e54d8f58a0069f8946465fab76a8acb1bf79be943a7a22e2c	confirmed_problem	Legacy cleanup explicitly names this New York table page for OCR rerun.
1901-1-hathi.pdf#page=314	c7ce2a833c5d6cb658d93eb068d31e52a6b7b634a8787ea60b7d541507610c96	confirmed_problem	The correction workbook flags the cached Western National Bank with null state and town; the reviewed source scan is severely clipped.
1936-1-fraser/rmbd_1936first_07_americansamoa.pdf#page=36	6ecc6c1be992b07411bb67534bec5684cf8311b457dbc9a7a68231510630ec60	not_problem	Known negative: this entire PDF part is foreign/non-target material scanned by mistake; no domestic-bank OCR rerun is warranted.
1900-1-hathi.pdf#page=421	06270b363d3b22566e23d02514ed7b21dee24c5c8db3c63e0492a40f84abc2f5	confirmed_problem	Legacy cleanup explicitly names this New York table page for OCR rerun.
1898-2-google.pdf#page=466	c5f1c10f5afa22d807ee2a421bacd72d2b4c5d7a5ea4605cd3ff8aaf19e351fc	confirmed_problem	The correction workbook flags the first cached bank with null state and town; the scan/cache comparison confirms mixed page identity handling.
1936-1-fraser/rmbd_1936first_08_foreignbanks.pdf#page=147	32e4ab240e5d26e9532ca89dde06028ca3ae054a91e4a1bd44a0d4592f817e74	not_problem	Known negative: this entire PDF part is foreign/non-target material scanned by mistake; no domestic-bank OCR rerun is warranted.
1883-2-archive-raw.pdf#page=155	cda9f23e6d15256577b27ec3ab66fcf86865ae0eeca776585b4ff3e3007abe47	confirmed_problem	The recovered V1 main-bank cache is an explicit provider error marker, not a successful empty extraction.
1937-2-fraser/rmbd_1937final_02_alabama.pdf#page=175	09c45c0e36c090b0dab9e28d98bc711e1d1c99738a89724634afc4fe3256c4c2	confirmed_problem	The correction workbook flags location loss; the cache has Atlanta rows without state and the reviewed scan visibly identifies Atlanta.
1936-1-fraser/rmbd_1936first_08_foreignbanks.pdf#page=149	50e03a179b5f71a5a3fd23c7c51ec91cab26c9771ad303daf36aaf7eac6e1961	not_problem	Known negative: this entire PDF part is foreign/non-target material scanned by mistake; no domestic-bank OCR rerun is warranted.
1914-2-google.pdf#page=943	d3240ddc3740efaa99eb498eb8e03e6693b60e8e5ac4afd9e34a9b98e20dd8d0	confirmed_problem	Legacy cleanup explicitly names this New York page for OCR rerun.
1898-2-google.pdf#page=300	75428641bae07d03cfc76051bba107938232b9a96192b696b32b9a0144807c60	confirmed_problem	The cache emits 'MISSOURI Map opposite page 180' as a bank with no town; this is a false record, not a bank observation.
1936-1-fraser/rmbd_1936first_07_americansamoa.pdf#page=22	8e140aeb3308e4f3b6e6b9aa88cdf55e699b320335c653322876825aba68ee2b	not_problem	Known negative: this entire PDF part is foreign/non-target material scanned by mistake; no domestic-bank OCR rerun is warranted.
1888-2-hathi.pdf#page=382	008ea827c24aa592781c359f040d9a63e5f41158f5d89941fcea172780b8cd4a	confirmed_problem	Legacy cleanup calls this page empty and bugged; the one-row cache confirms the documented structural failure.
1911-1-google.pdf#page=238	5da24ff1cc0eb1eb3256279ad12cc50ca758106b7fad1152546ed417e340c101	confirmed_problem	The correction workbook flags the cached Drovers Deposit row with null state and town; the reviewed page shows the surviving row only as a clipped directory strip.
1936-1-fraser/rmbd_1936first_07_americansamoa.pdf#page=56	bf27cd3707c9056eb4cffc6f04d2a00f373153f00e276276b606619c2f6cf949	not_problem	Known negative: this entire PDF part is foreign/non-target material scanned by mistake; no domestic-bank OCR rerun is warranted.
1915-2-fraser/rmbd_191507_06_newyork.pdf#page=55	31a9c198ac1d0448c35711f209855a340199cf8465c9f997e175b9453214670d	confirmed_problem	Legacy cleanup explicitly names this New York page for OCR rerun.
1938-1-fraser/rmbd_1938first_05_minnesota.pdf#page=24	9152ec689ae5acf75c05a3060634ee5b2c0cd1de4d3ea65caf6b8881d719459f	confirmed_problem	The correction workbook flags ten rows; the cache has Minneapolis towns without state and the reviewed scan visibly identifies Minneapolis.
1936-1-fraser/rmbd_1936first_08_foreignbanks.pdf#page=20	e1f4da1375989d7cbb6d3a359a3640f9fe0809b5cf67ff0b69445eced0cd0054	not_problem	Known negative: this entire PDF part is foreign/non-target material scanned by mistake; no domestic-bank OCR rerun is warranted.
1888-2-hathi.pdf#page=364	94e67a907985c52cee0f705cd143559dba446b6bda7f03a10300de619f99a7bf	confirmed_problem	Legacy cleanup calls this page empty and bugged; the one-row cache confirms the documented structural failure.
1898-2-google.pdf#page=472	bdfc061fef9db4992bfc13c5882cbac76a77687a25078589cee1ff206ae8c5e0	confirmed_problem	The correction workbook flags all three Phoenixville/Pine Grove rows; the cache loses their state.
1935-1-fraser/rmbd_1935first_07_rhodeisland.pdf#page=220	17566768d4cf8595f52ea4169c0f9a8479563490a130283d5d109e2a39eb9fb1	not_problem	Known negative: this physical page is a false table fragment inside an advertisement, not a target directory page.
1883-2-archive-raw.pdf#page=214	d96d646a67bca08b49d8264a6b8331c8f6d53b89f38b099497cfd380e3ffa3dd	confirmed_problem	The durable manual fix changes cached row 15 from 'First National Bank' to the visible 'Farmer's National Bank'.
1937-2-fraser/rmbd_1937final_06_northcarolina.pdf#page=58	4a3ade86a5497f359b07481d983d16f017ad9569f223ddb78ffe76d50fae10cb	confirmed_problem	The correction workbook flags eight rows; the cache has Columbus towns without state and the reviewed scan visibly identifies Columbus.
1936-1-fraser/rmbd_1936first_08_foreignbanks.pdf#page=215	9cbd13d6af33ace167b713b79d269a11ffecaec2f60744d5698b4fefe87cd56c	not_problem	Known negative: this entire PDF part is foreign/non-target material scanned by mistake; no domestic-bank OCR rerun is warranted.
1920-1-fraser/rmbd_192001_04_kansas.pdf#page=76	71908274456afbcc857a1f0c76b4525d70b032aa549620b3b326389ef2ff19d0	not_problem	All five substantive Louisville bank rows and their major values match; only the nonfinancial clearing-house administrative line is omitted.
1935-1-fraser/rmbd_1935first_06_newmexico.pdf#page=82	4dc6a438e453c573fa10e9ba00b6d8b7725e33685c04167b20a6785b6f637566	not_problem	All four visible Niagara Falls directory entries match; the upper investment-dealer table is a separate section.
1909-2-google.pdf#page=903	d24a2e122bda0a8a25e3b7c22237775c6428c04503b39d05aff383824397d22d	confirmed_problem	The scan contains dozens of South Dakota bank rows, but the cache has only two Waubay rows and one Webster row.
1914-2-google.pdf#page=1374	78d3274167949e0d8477ad00143af13a6ca1bfa3d7d3718ea321f2b63459b630	not_problem	All ten visible Salt Lake City bank and clearing-house entries are present with matching major values.
1915-1-google.pdf#page=462	ebf59f5bc189c189b8e773df3659249aed2ccb6420244c3b971e17de174eafcf	not_problem	Both visible Sioux City directory rows are present; the remaining page content is the Security National advertisement.
1919-1-fraser/rmbd_191901_08_texas.pdf#page=89	becf13a6985a9683b88df1dce7245f6b49642d76b501ed7aff252a2cfcfdf506	not_problem	All eight visible Salt Lake City bank and clearing-house entries match; the dealer section below is separate.
1918-1-fraser/rmbd_191801_05_massachusetts.pdf#page=48	44144dc4c7420ece640612eddddbe684c22691623b0ac6f6bf597a4d28e44ead	not_problem	All five visible Detroit bank and clearing-house entries match; the dealer section below is separate.
1923-1-fraser/rmbd_192301_08_virginia.pdf#page=125	60343708be0a896f6cb144bdc95720fac6da785292d3acca35058eb08909aad7	not_problem	All seven substantive Milwaukee bank rows and major values match; only the nonfinancial clearing-house administrative line is omitted.
1938-2-fraser/rmbd_1938final_04_kansas.pdf#page=92	505a7531427b669c0e1dded97bec00972fbf324451bcf3106ecefacafd53934d	confirmed_problem	The cache contains only the first two visible entries, while the directory table continues with many additional bank rows.
1917-2-fraser/rmbd_191707_04_indiana.pdf#page=30	838efafa704f5ee64bec8bd433b768d10a29ad0d74d51d096cbfa5aef5e4d3e9	not_problem	All nine visible La Fayette bank entries are present and materially match the scan.
1938-2-fraser/rmbd_1938final_04_kansas.pdf#page=153	0193eb95f553368d39fecf43fe6c4a3202052467846541ac9d7cb4834f19c478	not_problem	All four visible Detroit institutions plus the clearing house are present; the dealer section below is separate.
1924-2-fraser/rmbd_192407_08_southdakota.pdf#page=157	ed2987f1e49a38eb22c63d3abf151cdb12ce2151a172985aeafe459ba7614989	confirmed_problem	The physical page is a full-page advertisement, but the cache marks it non-advertisement and extracts two rows from a thin facing-page sliver.
1938-2-fraser/rmbd_1938final_05_minnesota.pdf#page=98	821cb801321c77c2b55b4141843ce081eedaa9a5d00a6a2b5d4e5fc567201313	not_problem	The single full-page Mississippi Valley Trust entry is present and materially matches the scan.
1938-2-fraser/rmbd_1938final_05_minnesota.pdf#page=1	91df0f203d704df52ed1c21fec4c5ae1f8acd3c5401e2d6db5fdf9c76a1255e8	confirmed_problem	The scan is a dense Minnesota directory page with many bank rows, but the cache contains only the two Ada entries.
1920-2-fraser/rmbd_192007_06_newyork.pdf#page=53	9b8ef4449676d9fd921f32262ea246e0615d0f63d6a80c76f322f39f07b7bbc0	not_problem	All six visible American financial-corporation entries are present and materially match the scan.
1938-2-fraser/rmbd_1938final_03_hawaii.pdf#page=41	dd0e66a96ae3902eac73be4909fb3f4fe99feee537158b65277a7c83ec27c921	not_problem	Both visible Chicago Heights bank rows are present; the upper investment-dealer section is separate.
1938-2-fraser/rmbd_1938final_05_minnesota.pdf#page=225	23cbc70ca9257aa0c15e853fbadf201b92c20e177bf4fc70c7f687256c43e7df	not_problem	All three large New York bank entries are present with matching major financial values.
1936-1-fraser/rmbd_1936first_04_louisiana.pdf#page=322	8a4dc1b58f2fd677166feb2b3b3a583ba5f7645c0451a1a103d00f6ce260bbd9	not_problem	The sole full-page Chase National Bank entry is present and materially matches the scan.
1938-2-fraser/rmbd_1938final_05_minnesota.pdf#page=222	3f55238814d7e6cd147f095b50802efcefee4e2685c41e6be579fc32be465ea1	not_problem	The sole full-page Chase National Bank entry is present and materially matches the scan.
1938-2-fraser/rmbd_1938final_03_hawaii.pdf#page=29	3dc0fb940033f7b901207b51246b4ae38d208e263ba2fd377959a3a328df8f08	not_problem	All four large Chicago institution entries are present and materially match the scan.
1938-2-fraser/rmbd_1938final_05_minnesota.pdf#page=78	5a631b3183f8de738f24bd445134bd427d4cc02d5bda4d2a7a396b4060b52afb	not_problem	All four Kansas City bank rows plus the clearing house are present with matching major values; the dealer section is separate.
1938-2-fraser/rmbd_1938final_04_kansas.pdf#page=100	0dcc17faccc7fc1f27b0260f3c109550b21e4684849234761382cb9b50522d98	not_problem	All five visible Maryland bank rows are present with matching major values; the upper dealer section is separate.
1938-2-fraser/rmbd_1938final_03_hawaii.pdf#page=96	0853a879f8f38be70695cc823ab349a5f6f52c609d14de25cafdccec11a7bfc3	not_problem	All seven visible Indianapolis institutions are present with matching major financial values.
1938-2-fraser/rmbd_1938final_03_hawaii.pdf#page=91	3304c515166ff35d7e540eae83ea48022cea2e057ba3430e8ca9e9ea714a101b	not_problem	All six Fort Wayne institutions plus the clearing house are present with matching major financial values.
1921-1-fraser/rmbd_192101_03_idaho.pdf#page=129	d6445930ef214d0791c6bb1e40d11eff750faef0cb19e3319bca291464b64453	not_problem	All four visible Springfield bank rows are present with matching names and major financial values.
1922-2-fraser/rmbd_192207_07_pennsylvania.pdf#page=43	2f257fb0e48d1c93c6698c50933d27bef75750997147a6bbbc2a28fe2e7159cf	not_problem	Scan shows Aldine Trust, American Bank & Trust, the Bank of East Falls cross-reference, and Bank of North America; all four cached records are present with no material mismatch seen.
1924-2-fraser/rmbd_192407_06_nebraska.pdf#page=143	e647089e615f16e7583909df02dda117f315be7b8ae69a096f3667a3f1f872a1	not_problem	Scan shows exactly the six cached New York financial-corporation rows, from International Acceptance Bank through Textile Banking Co.; no material omission seen.
1914-2-google.pdf#page=125	74932abaf54e70b31519b32bed63ae9f93d29e6dd4d64b63a3e72b88a76680fc	not_problem	Scan shows the same eight Los Angeles banks as the cache, from Bankers Trust & Savings through Farmers & Merchants National; visible financial rows substantially align.
1913-2-google.pdf#page=1338	a7cde11d1b448cabc409aec66cc597c3923663cb18df60ae4006c91a828260bb	not_problem	Rotated scan shows the nine Salt Lake City institutions plus the clearing house represented by the ten cached records; no material omission seen.
1917-1-hathi.pdf#page=124	34ce5450c15eb7cae2f56e58eaca723bcd2aca5514bce0aa8b9a541b09c03b3a	not_problem	Scan shows the six Los Angeles bank rows and clearing house represented by the seven cached records; names and visible figures substantially align.
1926-2-fraser/rmbd_192607_05_michigan.pdf#page=367	7c211cfd0ea9d2979eab765b90f755bfbfca62e0f0bd1761e396b3e59db8f58a	not_problem	Scan shows American Exchange-Pacific National Bank and its six listed branches, matching the seven cached records; no material bank-table omission seen.
1917-1-hathi.pdf#page=634	6d66bce0c8333141c66c9165086f2be0771e82b7ce7e34bbd543889fefd9b056	not_problem	Scan shows two Bridgewater and five Brockton institutions, matching all seven cached records with no material mismatch seen.
1916-1-google.pdf#page=118	c2fd358bb8a9894472f47e22a0ed0696fe7e87cfda8665370e32f4bf893fdc00	not_problem	Restored V1 raster is corrupt, but the exact source-PDF page clearly shows the same eight Los Angeles banks and visible figures as the cache.
1918-1-fraser/rmbd_191801_07_ohio.pdf#page=23	aa57d61bfdd26f29188b2b64f6f29c481fce461b765aa5e892acfe21d9963286	not_problem	Scan's Columbus table contains exactly the six cached banks, from Capital City Bank through Commercial National Bank; no material mismatch seen.
1913-2-google.pdf#page=1382	b5bfc02ece708bbec12f6b27854549cf3488d62d87fc83c799579821b22a300b	not_problem	Rotated scan shows the same eleven Seattle institutions as the cache, from Northern Bank & Trust through University State Bank; no material omission seen.
1917-1-hathi.pdf#page=118	82605cc340c21161f4c123158ef6fb9025048b5260daa7cb00f80f4d32312421	not_problem	Scan shows the same eight Los Angeles institutions as the cache, from Bank of Italy through Farmers & Merchants National; visible financial rows substantially align.
1930-1-fraser/rmbd_193001_03_illinois.pdf#page=135	17e12ec4eac4b8b37710b8147be95abdbea3278de8b9b4631935bd54b408e9ee	not_problem	Scan's Springfield bank table contains exactly the five cached institutions; names and visible financial rows substantially align.
1911-1-google.pdf#page=109	1d13cecb5e01f562dc2c2415052141581c1ef77c20c898b2059d37b75d8e7d1a	not_problem	Rotated scan shows the same nine Los Angeles banks as the cache, from All Night and Day Bank through First National Bank; no material omission seen.
1919-2-fraser/rmbd_191907_05_michigan.pdf#page=48	a5e806e50b3308ad2859f6f5c7da8c525136df6f43cee40f0e937f7242676220	confirmed_problem	Scan is a full-page American Surety insurance advertisement, but cache sets is_advertisment=false and emits the insurer as a bank with $5,000,000 capital.
1925-1-fraser/rmbd_192501_04_kansas.pdf#page=127	db86e8a5f6636bd390341ea7c949fdf5548026609ce14afeebe334b1cdeea902	not_problem	Scan's Baltimore bank table contains West Baltimore Bank, Western National, Westport Bank, and the clearing house, matching all four cached records.
1927-1-fraser/rmbd_192701_06_newyork.pdf#page=197	2aaa976e18fd5bc8471153585970ea8660107a3214d185281a0497e87dc0fae8	not_problem	Scan shows exactly the four cached Cleveland banks, from Brotherhood of Locomotive Engineers Co-operative National through Cleveland Trust; no material mismatch seen.
1917-1-hathi.pdf#page=1533	14567cc0cb6e814b9129eb2249cd60e32863027ce107de4a67c21a160d6b51c6	not_problem	Rotated Tacoma scan shows the eight banks and clearing house represented by the nine cached records; no material omission seen.
1919-1-fraser/rmbd_191901_08_texas.pdf#page=22	00b094a14f0ea110f310a6508e9d37ad62a3929613804d5a662c545bc0f27b29	not_problem	Scan shows the same six Dallas table entries as the cache, from Security National through the clearing house; names and visible figures substantially align.
1930-2-fraser/rmbd_193007_04_kansas.pdf#page=128	750a4096baa629ec0a5603ae5ca4843b0cd1f2ce707fae718178bbcd8cfc8f1e	not_problem	Scan shows exactly the five cached Baltimore institutions, from Fidelity Trust through Maryland Trust; no material mismatch seen.
1924-1-fraser/rmbd_192401_05_minnesota.pdf#page=205	265d1d638a58199c2838791951c7c0aae7a155d809593f428cf4ca58f6240024	confirmed_problem	Selected-list scan has eight investment-dealer rows, but cache omits the prominent Lorenzo E. Anderson & Co. entry while returning the other seven.
1924-2-fraser/rmbd_192407_04_iowa.pdf#page=186	5547a4cd6f83cb3be85cef90474f0ecbdf13a0e6967936db1b72c2c2cd6f1ef3	not_problem	Scan shows the same seven New Orleans institutions as the cache, from Hibernia Bank & Trust through Whitney-Central Trust & Savings; no material omission seen.
1922-1-fraser/rmbd_192201_08_texas.pdf#page=227	0a007fa528a47fdb74df02365c2906e87d5622a8e2f4b6e6317e4b340bbce53c	not_problem	Scan's Milwaukee bank table contains exactly the seven cached institutions, from Second Ward Savings through Wisconsin State Bank; no material mismatch seen.
1926-2-fraser/rmbd_192607_04_iowa.pdf#page=180	dae9a4d23ec16dc3715c4e06bc5574793d452b3ed8f9c6182c1b647c25548590	not_problem	Scan shows the same seven New Orleans institutions as the cache, from Hibernia Bank & Trust through Whitney-Central Trust & Savings; no material omission seen.
1924-1-fraser/rmbd_192401_08_texas.pdf#page=103	a433de1458bf06170630f8532d42d25d9c1a1dd51416d488cc4f6b4d4ff73955	confirmed_problem	Cache emits Western Live Stock Loan Company from the separate selected-dealers section and misreads its $100 share price as paid-up capital; the scan instead states combined capital and surplus of $258,910.
1922-1-fraser/rmbd_192201_05_minnesota.pdf#page=273	668ec79200c3fff6a9d0ccb3b40fe80321a66db233a93b8e795e7b49f09dafa7	not_problem	Scan's Omaha table shows seven banks plus the clearing house, matching all eight cached records with no material mismatch seen.
